{
    "CompileStrategy": "fullobj",
    "cpu_cycles_pass2_start": 19028164125982,
    "cycles_program_begin": 19023798945744,
    "perf": [
        {
            "sub": [
                {
                    "sub": [],
                    "stat": [
                        "doParsingAndDesignResolution",
                        "entry",
                        0.29280304908752441,
                        0.040328000000000003,
                        0.13308400000000001,
                        200712,
                        201512,
                        0.0,
                        0.0,
                        1750152109.6424251,
                        19024244220104
                    ]
                },
                {
                    "sub": [],
                    "stat": [
                        "doParsingAndDesignResolution",
                        "exit",
                        0.51816987991333008,
                        0.051101000000000001,
                        0.172958,
                        201924,
                        202572,
                        0.0,
                        0.0,
                        1750152109.8677919,
                        19024832605232
                    ]
                },
                {
                    "sub": [
                        {
                            "sub": [],
                            "stat": [
                                "doUptoVir2VcsNoSepCleanup",
                                "entry",
                                0.64109396934509277,
                                0.057963000000000001,
                                0.181703,
                                203056,
                                203056,
                                0.0,
                                0.0039039999999999999,
                                1750152109.990716,
                                19025153535288
                            ]
                        },
                        {
                            "sub": [],
                            "stat": [
                                "doUptoVir2VcsNoSepCleanup",
                                "exit",
                                1.2756350040435791,
                                0.14746799999999999,
                                0.22309200000000001,
                                204588,
                                216924,
                                0.0,
                                0.0039039999999999999,
                                1750152110.625257,
                                19026810474999
                            ]
                        },
                        {
                            "sub": [],
                            "stat": [
                                "doRadify_vir2vcsAll",
                                "entry",
                                1.2764279842376709,
                                0.14757500000000001,
                                0.22325500000000001,
                                204588,
                                216924,
                                0.0,
                                0.0039039999999999999,
                                1750152110.62605,
                                19026812519794
                            ]
                        },
                        {
                            "sub": [],
                            "stat": [
                                "doRadify_vir2vcsAll",
                                "exit",
                                1.3804929256439209,
                                0.157717,
                                0.234652,
                                206252,
                                216924,
                                0.0,
                                0.0039039999999999999,
                                1750152110.7301149,
                                19027084295930
                            ]
                        }
                    ],
                    "stat": [
                        "doPostDesignResolutionToVir2Vcs",
                        "entry",
                        0.55411410331726074,
                        0.052743999999999999,
                        0.172958,
                        201924,
                        202572,
                        0.0,
                        0.0039039999999999999,
                        1750152109.9037361,
                        19024926479432
                    ]
                },
                {
                    "sub": [],
                    "stat": [
                        "doPostDesignResolutionToVir2Vcs",
                        "exit",
                        1.3805480003356934,
                        0.15773899999999999,
                        0.23468600000000001,
                        206252,
                        216924,
                        0.0,
                        0.0039039999999999999,
                        1750152110.73017,
                        19027084334248
                    ]
                },
                {
                    "sub": [
                        {
                            "sub": [],
                            "stat": [
                                "DoPass2",
                                "entry",
                                1.7940230369567871,
                                0.157744,
                                0.24165700000000001,
                                204696,
                                216924,
                                0.023703999999999999,
                                0.044356,
                                1750152111.143645,
                                19028164114350
                            ]
                        },
                        {
                            "sub": [],
                            "stat": [
                                "DoPass2",
                                "exit",
                                2.203624963760376,
                                0.22618099999999999,
                                0.27809200000000001,
                                212844,
                                216940,
                                0.025963,
                                0.046614999999999997,
                                1750152111.553247,
                                19029233633216
                            ]
                        }
                    ],
                    "stat": [
                        "doGAToPass2",
                        "entry",
                        1.380558967590332,
                        0.157744,
                        0.23469200000000001,
                        206252,
                        216924,
                        0.0,
                        0.0039039999999999999,
                        1750152110.730181,
                        19027084359504
                    ]
                },
                {
                    "sub": [],
                    "stat": [
                        "doGAToPass2",
                        "exit",
                        2.2154600620269775,
                        0.22752500000000001,
                        0.27974399999999999,
                        212844,
                        216940,
                        0.025963,
                        0.046614999999999997,
                        1750152111.5650821,
                        19029264535934
                    ]
                }
            ],
            "stat": [
                "main",
                "entry",
                0.12365007400512695,
                0.038096999999999999,
                0.114292,
                200316,
                200316,
                0.0,
                0.0,
                1750152109.4732721,
                19023802434309
            ]
        },
        {
            "sub": [],