{
    "NameTable": {
        "std": [
            "std",
            "reYIK",
            "module",
            1
        ],
        "...MASTER...": [
            "SIM",
            "amcQw",
            "module",
            3
        ],
        "tb_frame_detector": [
            "tb_frame_detector",
            "ZV3ev",
            "module",
            2
        ]
    },
    "CurCompileUdps": {},
    "cycles_program_begin": 7681524755505,
    "stat": {
        "CodeGen(%)": 30.084748444590716,
        "nQuads": 4553,
        "outputSizePerQuad": 61.815945530419505,
        "ru_self_cgstart": {
            "ru_minflt": 9357,
            "ru_utime_sec": 0.090910000000000005,
            "ru_nvcsw": 3722,
            "ru_stime_sec": 0.030303,
            "ru_nivcsw": 3,
            "ru_maxrss_kb": 108948,
            "ru_majflt": 0
        },
        "ru_childs_cgstart": {
            "ru_minflt": 4170,
            "ru_utime_sec": 0.019553999999999998,
            "ru_nvcsw": 786,
            "ru_stime_sec": 0.010163999999999999,
            "ru_nivcsw": 1,
            "ru_maxrss_kb": 108948,
            "ru_majflt": 0
        },
        "cpu_cycles_cgstart": 7683960802425,
        "nMops": 13580,
        "mop/quad": 2.9826488029870415,
        "Frontend(%)": 69.915251555409284,
        "cpu_cycles_end": 7684496413725,
        "totalObjSize": 281448,
        "ru_self_end": {
            "ru_minflt": 11518,
            "ru_utime_sec": 0.13659199999999999,
            "ru_nvcsw": 4188,
            "ru_stime_sec": 0.035333000000000003,
            "ru_nivcsw": 3,
            "ru_maxrss_kb": 120612,
            "ru_majflt": 0
        },
        "ru_childs_end": {
            "ru_minflt": 4391,
            "ru_utime_sec": 0.021405,
            "ru_nvcsw": 835,
            "ru_stime_sec": 0.010163999999999999,
            "ru_nivcsw": 1,
            "ru_maxrss_kb": 109220,
            "ru_majflt": 0
        },
        "quadSpeed": 95786.085456419765,
        "cpu_cycles_total": 2971658220,
        "mopSpeed": 285696.25312940491,
        "peak_mem_kb": 218680,
        "realTime": 1.1549639701843262
    },
    "perf": [
        {
            "stat": [
                "main",
                "entry",
                0.016941070556640625,
                0.022100999999999999,
                0.0073670000000000003,
                200456,
                200456,
                0.0,
                0.0,
                1750309063.619302,
                7681524943677
            ],
            "sub": [
                {
                    "stat": [
                        "doParsingAndDesignResolution",
                        "entry",
                        0.049042940139770508,
                        0.025888999999999999,
                        0.008116,
                        200832,
                        201632,
                        0.0,
                        0.0,
                        1750309063.6514039,
                        7681608767601
                    ],
                    "sub": []
                },
                {
                    "stat": [
                        "doParsingAndDesignResolution",
                        "exit",
                        0.092411994934082031,
                        0.030831999999999998,
                        0.014199,
                        201896,
                        202544,
                        0.0,
                        0.0,
                        1750309063.694773,
                        7681721999617
                    ],
                    "sub": []
                },
                {
                    "stat": [
                        "doPostDesignResolutionToVir2Vcs",
                        "entry",
                        0.14975500106811523,
                        0.031794000000000003,
                        0.014199,
                        202036,
                        202544,
                        0.0,
                        0.0026510000000000001,
                        1750309063.752116,
                        7681871731811
                    ],
                    "sub": [
                        {
                            "stat": [
                                "doUptoVir2VcsNoSepCleanup",
                                "entry",
                                0.22107100486755371,
                                0.039272000000000001,
                                0.014279999999999999,
                                203164,
                                203164,
                                0.0,
                                0.0026510000000000001,
                                1750309063.823432,
                                7682057917099
                            ],
                            "sub": []
                        },
                        {
                            "stat": [
                                "doUptoVir2VcsNoSepCleanup",
                                "exit",
                                0.79295492172241211,
                                0.085662000000000002,
                                0.028554,
                                205856,
                                218680,
                                0.0083529999999999993,
                                0.0058919999999999997,
                                1750309064.3953159,
                                7683551254164
                            ],
                            "sub": []
                        },
                        {
                            "stat": [
                                "doRadify_vir2vcsAll",
                                "entry",
                                0.79300713539123535,
                                0.085702,
                                0.028566999999999999,
                                205856,
                                218680,
                                0.0083529999999999993,
                                0.0058919999999999997,
                                1750309064.3953681,
                                7683551315200
                            ],
                            "sub": []
                        },
                        {
                            "stat": [
                                "doRadify_vir2vcsAll",
                                "exit",
                                0.83008503913879395,
                                0.089230000000000004,
                                0.029742999999999999,
                                207260,
                                218680,
                                0.0083529999999999993,
                                0.0058919999999999997,
                                1750309064.432446,
                                7683648197375
                            ],
                            "sub": []
                        }
                    ]
                },
                {
                    "stat": [
                        "doPostDesignResolutionToVir2Vcs",
                        "exit",
                        0.83012008666992188,
                        0.089257000000000003,
                        0.029752000000000001,
                        207260,
                        218680,
                        0.0083529999999999993,
                        0.0058919999999999997,
                        1750309064.4324811,
                        7683648221577
                    ],