{
    "LVLData": [
        "SIM"
    ],
    "cpu_cycles_pass2_start": 13608413162422,
    "cycles_program_begin": 13607528790364,
    "NameTable": {
        "std": [
            "std",
            "reYIK",
            "module",
            2
        ],
        "tb_frame_detector": [
            "tb_frame_detector",
            "ZV3ev",
            "module",
            4
        ],
        "...MASTER...": [
            "SIM",
            "amcQw",
            "module",
            5
        ]
    },
    "perf": [
        {
            "stat": [
                "main",
                "entry",
                0.014848947525024414,
                0.023976999999999998,
                0.015984000000000002,
                200252,
                200252,
                0.0,
                0.0,
                1749298796.489949,
                13607528984880
            ],
            "sub": [
                {
                    "stat": [
                        "doParsingAndDesignResolution",
                        "entry",
                        0.053392887115478516,
                        0.025634000000000001,
                        0.022844,
                        200704,
                        201360,
                        0.0,
                        0.0,
                        1749298796.5284929,
                        13607629643188
                    ],
                    "sub": []
                },
                {
                    "stat": [
                        "doParsingAndDesignResolution",
                        "exit",
                        0.079115867614746094,
                        0.029766999999999998,
                        0.026460000000000001,
                        201684,
                        202332,
                        0.0,
                        0.0,
                        1749298796.5542159,
                        13607696797894
                    ],
                    "sub": []
                },
                {
                    "stat": [
                        "doPostDesignResolutionToVir2Vcs",
                        "entry",
                        0.079165935516357422,
                        0.029794000000000001,
                        0.026484000000000001,
                        201684,
                        202332,
                        0.0,
                        0.0,
                        1749298796.554266,
                        13607696847368
                    ],
                    "sub": [
                        {
                            "stat": [
                                "doUptoVir2VcsNoSepCleanup",
                                "entry",
                                0.12789106369018555,
                                0.037560000000000003,
                                0.026484000000000001,
                                202816,
                                202816,
                                0.0,
                                0.0,
                                1749298796.6029911,
                                13607824119930
                            ],
                            "sub": []
                        },
                        {
                            "stat": [
                                "doUptoVir2VcsNoSepCleanup",
                                "exit",
                                0.18215203285217285,
                                0.054448000000000003,
                                0.027224000000000002,
                                203304,
                                215640,
                                0.0,
                                0.0,
                                1749298796.6572521,
                                13607965853208
                            ],
                            "sub": []
                        },
                        {
                            "stat": [
                                "doRadify_vir2vcsAll",
                                "entry",
                                0.18221092224121094,
                                0.054488000000000002,
                                0.027244000000000001,
                                203304,
                                215640,
                                0.0,
                                0.0,
                                1749298796.657311,
                                13607965921026
                            ],
                            "sub": []
                        },
                        {
                            "stat": [
                                "doRadify_vir2vcsAll",
                                "exit",
                                0.21440696716308594,
                                0.056738999999999998,
                                0.031914999999999999,
                                205056,
                                215640,
                                0.0,
                                0.0,
                                1749298796.689507,
                                13608050063748
                            ],
                            "sub": []
                        }
                    ]
                },
                {
                    "stat": [
                        "doPostDesignResolutionToVir2Vcs",
                        "exit",
                        0.21444797515869141,
                        0.056765999999999997,
                        0.031931000000000001,
                        205056,
                        215640,
                        0.0,
                        0.0,
                        1749298796.689548,
                        13608050095864
                    ],
                    "sub": []
                },
                {
                    "stat": [
                        "doGAToPass2",
                        "entry",
                        0.21445798873901367,
                        0.056772999999999997,
                        0.031933999999999997,
                        205056,
                        215640,
                        0.0,
                        0.0,
                        1749298796.689558,
                        13608050117074
                    ],
                    "sub": [
                        {
                            "stat": [
                                "DoPass2",
                                "entry",
                                0.35345005989074707,
                                0.060444999999999999,
                                0.034000000000000002,
                                203632,
                                215640,
                                0.0097579999999999993,
                                0.012625000000000001,
                                1749298796.8285501,
                                13608413150998
                            ],
                            "sub": []
                        },
                        {
                            "stat": [
                                "DoPass2",
                                "exit",
                                0.57409095764160156,
                                0.092688000000000006,
                                0.044329,
                                210956,
                                215640,
                                0.01303,
                                0.012625000000000001,
                                1749298797.049191,
                                13608989334547
                            ],