{
    "NameTable": {
        "std": [
            "std",
            "reYIK",
            "module",
            1
        ],
        "tb_frame_detector": [
            "tb_frame_detector",
            "ZV3ev",
            "module",
            2
        ],
        "...MASTER...": [
            "SIM",
            "amcQw",
            "module",
            3
        ]
    },
    "LVLData": [
        "SIM"
    ],
    "cpu_cycles_pass2_start": 16095993150132,
    "cycles_program_begin": 16093741070128,
    "stat": {
        "CodeGen(%)": 25.470618750843872,
        "ru_self_end": {
            "ru_majflt": 0,
            "ru_utime_sec": 0.118004,
            "ru_nivcsw": 3,
            "ru_minflt": 11506,
            "ru_maxrss_kb": 120700,
            "ru_stime_sec": 0.050196999999999999,
            "ru_nvcsw": 3887
        },
        "ru_self_cgstart": {
            "ru_majflt": 0,
            "ru_utime_sec": 0.084221000000000004,
            "ru_nivcsw": 3,
            "ru_minflt": 9312,
            "ru_maxrss_kb": 108912,
            "ru_stime_sec": 0.034679000000000001,
            "ru_nvcsw": 3432
        },
        "ru_childs_cgstart": {
            "ru_majflt": 0,
            "ru_utime_sec": 0.020656000000000001,
            "ru_nivcsw": 0,
            "ru_minflt": 4170,
            "ru_maxrss_kb": 108912,
            "ru_stime_sec": 0.0065339999999999999,
            "ru_nvcsw": 707
        },
        "cpu_cycles_end": 16096560066264,
        "nMops": 21837,
        "cpu_cycles_cgstart": 16095993188228,
        "totalObjSize": 273872,
        "nQuads": 6872,
        "ru_childs_end": {
            "ru_majflt": 0,
            "ru_utime_sec": 0.022714999999999999,
            "ru_nivcsw": 0,
            "ru_minflt": 4391,
            "ru_maxrss_kb": 109308,
            "ru_stime_sec": 0.0065339999999999999,
            "ru_nvcsw": 757
        },
        "cpu_cycles_total": 2818996136,
        "mop/quad": 3.1776775320139699,
        "mopSpeed": 609257.29590982676,
        "quadSpeed": 191730.37218905202,
        "realTime": 1.0972440242767334,
        "outputSizePerQuad": 39.853317811408616,
        "Frontend(%)": 74.529381249156131,
        "peak_mem_kb": 218508
    },
    "perf": [
        {
            "sub": [
                {
                    "sub": [],
                    "stat": [
                        "doParsingAndDesignResolution",
                        "entry",
                        0.052859067916870117,
                        0.026679000000000001,
                        0.0092359999999999994,
                        200832,
                        201632,
                        0.0,
                        0.0,
                        1750312285.2466371,
                        16093833137884
                    ]
                },
                {
                    "sub": [],
                    "stat": [
                        "doParsingAndDesignResolution",
                        "exit",
                        0.098125934600830078,
                        0.033145000000000001,
                        0.011955,
                        201888,
                        202536,
                        0.0,
                        0.0,
                        1750312285.291904,
                        16093951301600
                    ]
                },
                {
                    "sub": [
                        {
                            "sub": [],
                            "stat": [
                                "doUptoVir2VcsNoSepCleanup",
                                "entry",
                                0.18155288696289062,
                                0.036337000000000001,
                                0.015573,
                                203204,
                                203204,
                                0.0023609999999999998,
                                0.0,
                                1750312285.3753309,
                                16094169106663
                            ]
                        },
                        {
                            "sub": [],
                            "stat": [
                                "doUptoVir2VcsNoSepCleanup",
                                "exit",
                                0.70742487907409668,
                                0.080379999999999993,
                                0.032152,
                                205684,
                                218508,
                                0.010817999999999999,
                                0.001273,
                                1750312285.9012029,
                                16095542284940
                            ]
                        },
                        {
                            "sub": [],
                            "stat": [
                                "doRadify_vir2vcsAll",
                                "entry",
                                0.70752286911010742,
                                0.080479999999999996,
                                0.032152,
                                205684,
                                218508,
                                0.010817999999999999,
                                0.001273,
                                1750312285.9013009,
                                16095542477238
                            ]
                        },
                        {
                            "sub": [],
                            "stat": [
                                "doRadify_vir2vcsAll",
                                "exit",
                                0.74480390548706055,
                                0.082893999999999995,
                                0.034132000000000003,
                                207084,
                                218508,
                                0.010817999999999999,
                                0.001273,
                                1750312285.9385819,
                                16095639883401
                            ]
                        }
                    ],
                    "stat": [
                        "doPostDesignResolutionToVir2Vcs",
                        "entry",
                        0.12288689613342285,
                        0.033145000000000001,
                        0.012638,
                        202056,
                        202536,
                        0.0023609999999999998,
                        0.0,
                        1750312285.3166649,
                        16094015959260
                    ]
                },
                {
                    "sub": [],
                    "stat": [
                        "doPostDesignResolutionToVir2Vcs",
                        "exit",
                        0.74483990669250488,
                        0.082919999999999994,
                        0.034143,
                        207084,
                        218508,
                        0.010817999999999999,
                        0.001273,
                        1750312285.9386179,
                        16095639909295
                    ]
                },
                {
                    "sub": [
                        {
                            "sub": [],