{
    "cpu_cycles_pass2_start": 542588209290,
    "cycles_program_begin": 538707697141,
    "LVLData": [
        "SIM"
    ],
    "perf": [
        {
            "stat": [
                "main",
                "entry",
                0.024240970611572266,
                0.026668000000000001,
                0.019047999999999999,
                200456,
                200456,
                0.0,
                0.0,
                1750314367.131876,
                538707936693
            ],
            "sub": [
                {
                    "stat": [
                        "doParsingAndDesignResolution",
                        "entry",
                        0.11899805068969727,
                        0.028183,
                        0.027189999999999999,
                        200836,
                        201636,
                        0.0,
                        0.0,
                        1750314367.2266331,
                        538955351529
                    ],
                    "sub": []
                },
                {
                    "stat": [
                        "doParsingAndDesignResolution",
                        "exit",
                        0.20987105369567871,
                        0.038234999999999998,
                        0.034493000000000003,
                        201904,
                        202552,
                        0.0,
                        0.0,
                        1750314367.3175061,
                        539192662817
                    ],
                    "sub": []
                },
                {
                    "stat": [
                        "doPostDesignResolutionToVir2Vcs",
                        "entry",
                        0.27387809753417969,
                        0.039112000000000001,
                        0.035555999999999997,
                        202056,
                        202552,
                        0.0053569999999999998,
                        0.0,
                        1750314367.3815131,
                        539359811674
                    ],
                    "sub": [
                        {
                            "stat": [
                                "doUptoVir2VcsNoSepCleanup",
                                "entry",
                                0.4046170711517334,
                                0.046690000000000002,
                                0.042798999999999997,
                                203204,
                                203204,
                                0.0053569999999999998,
                                0.0,
                                1750314367.5122521,
                                539701112102
                            ],
                            "sub": []
                        },
                        {
                            "stat": [
                                "doUptoVir2VcsNoSepCleanup",
                                "exit",
                                1.222898006439209,
                                0.114176,
                                0.080346000000000001,
                                205700,
                                218520,
                                0.020107,
                                0.0046569999999999997,
                                1750314368.330533,
                                541837986014
                            ],
                            "sub": []
                        },
                        {
                            "stat": [
                                "doRadify_vir2vcsAll",
                                "entry",
                                1.2230188846588135,
                                0.114176,
                                0.080467999999999998,
                                205700,
                                218520,
                                0.020107,
                                0.0046569999999999997,
                                1750314368.3306539,
                                541838094644
                            ],
                            "sub": []
                        },
                        {
                            "stat": [
                                "doRadify_vir2vcsAll",
                                "exit",
                                1.3001220226287842,
                                0.118419,
                                0.084584999999999994,
                                207108,
                                218520,
                                0.020107,
                                0.0046569999999999997,
                                1750314368.407757,
                                542039482098
                            ],
                            "sub": []
                        }
                    ]
                },
                {
                    "stat": [
                        "doPostDesignResolutionToVir2Vcs",
                        "exit",
                        1.3001639842987061,
                        0.11844399999999999,
                        0.084602999999999998,
                        207108,
                        218520,
                        0.020107,
                        0.0046569999999999997,
                        1750314368.407799,
                        542039516210
                    ],
                    "sub": []
                },
                {
                    "stat": [
                        "doGAToPass2",
                        "entry",
                        1.3001749515533447,
                        0.118451,
                        0.084607000000000002,
                        207108,
                        218520,
                        0.020107,
                        0.0046569999999999997,
                        1750314368.40781,
                        542039538630
                    ],
                    "sub": [
                        {
                            "stat": [
                                "DoPass2",
                                "entry",
                                1.5102500915527344,
                                0.12055399999999999,
                                0.087298000000000001,
                                205552,
                                218520,
                                0.034344,
                                0.015185000000000001,
                                1750314368.6178851,
                                542588193946
                            ],
                            "sub": []
                        },
                        {
                            "stat": [
                                "DoPass2",
                                "exit",
                                1.721843957901001,
                                0.14935899999999999,
                                0.099572999999999995,
                                211040,
                                218520,
                                0.034344,
                                0.018728999999999999,
                                1750314368.829479,
                                543140714020
                            ],
                            "sub": []
                        }
                    ]
                },
                {
                    "stat": [
                        "doGAToPass2",
                        "exit",
                        1.7588059902191162,
                        0.15426799999999999,
                        0.100066,
                        212968,
                        218520,
                        0.034344,
                        0.018728999999999999,
                        1750314368.866441,
                        543237202450
                    ],