{
    "cycles_program_begin": 19093228003123,
    "cpu_cycles_pass2_start": 19097860084631,
    "perf": [
        {
            "stat": [
                "main",
                "entry",
                0.014514923095703125,
                0.026405000000000001,
                0.015088000000000001,
                200316,
                200316,
                0.0,
                0.0,
                1750152136.0609729,
                19093228223717
            ],
            "sub": [
                {
                    "stat": [
                        "doParsingAndDesignResolution",
                        "entry",
                        0.13054299354553223,
                        0.027720000000000002,
                        0.023734000000000002,
                        200712,
                        201512,
                        0.0,
                        0.0,
                        1750152136.177001,
                        19093531191396
                    ],
                    "sub": []
                },
                {
                    "stat": [
                        "doParsingAndDesignResolution",
                        "exit",
                        0.23656392097473145,
                        0.038101999999999997,
                        0.033723999999999997,
                        201924,
                        202572,
                        0.0,
                        0.0,
                        1750152136.2830219,
                        19093808024940
                    ],
                    "sub": []
                },
                {
                    "stat": [
                        "doPostDesignResolutionToVir2Vcs",
                        "entry",
                        0.29999399185180664,
                        0.038669000000000002,
                        0.034802,
                        201924,
                        202572,
                        0.0048139999999999997,
                        0.0,
                        1750152136.346452,
                        19093973647497
                    ],
                    "sub": [
                        {
                            "stat": [
                                "doUptoVir2VcsNoSepCleanup",
                                "entry",
                                0.52163410186767578,
                                0.042028999999999997,
                                0.048112000000000002,
                                203056,
                                203056,
                                0.0048139999999999997,
                                0.0,
                                1750152136.5680921,
                                19094552381810
                            ],
                            "sub": []
                        },
                        {
                            "stat": [
                                "doUptoVir2VcsNoSepCleanup",
                                "exit",
                                1.4347450733184814,
                                0.108651,
                                0.089917999999999998,
                                204592,
                                216928,
                                0.0048139999999999997,
                                0.0,
                                1750152137.4812031,
                                19096936750937
                            ],
                            "sub": []
                        },
                        {
                            "stat": [
                                "doRadify_vir2vcsAll",
                                "entry",
                                1.4348299503326416,
                                0.1087,
                                0.089958999999999997,
                                204592,
                                216928,
                                0.0048139999999999997,
                                0.0,
                                1750152137.481288,
                                19096936856551
                            ],
                            "sub": []
                        },
                        {
                            "stat": [
                                "doRadify_vir2vcsAll",
                                "exit",
                                1.5071899890899658,
                                0.114842,
                                0.092614000000000002,
                                206260,
                                216928,
                                0.0048139999999999997,
                                0.0,
                                1750152137.553648,
                                19097125887755
                            ],
                            "sub": []
                        }
                    ]
                },
                {
                    "stat": [
                        "doPostDesignResolutionToVir2Vcs",
                        "exit",
                        1.5072429180145264,
                        0.114872,
                        0.092638999999999999,
                        206260,
                        216928,
                        0.0048139999999999997,
                        0.0,
                        1750152137.5537009,
                        19097125936921
                    ],
                    "sub": []
                },
                {
                    "stat": [
                        "doGAToPass2",
                        "entry",
                        1.5072579383850098,
                        0.114881,
                        0.092646000000000006,
                        206260,
                        216928,
                        0.0048139999999999997,
                        0.0,
                        1750152137.5537159,
                        19097125970409
                    ],
                    "sub": [
                        {
                            "stat": [
                                "DoPass2",
                                "entry",
                                1.7883648872375488,
                                0.115233,
                                0.097227999999999995,
                                204704,
                                216928,
                                0.0078549999999999991,
                                0.024906000000000001,
                                1750152137.8348229,
                                19097860064275
                            ],
                            "sub": []
                        },
                        {
                            "stat": [
                                "DoPass2",
                                "exit",
                                2.0900928974151611,
                                0.18834000000000001,
                                0.10546999999999999,
                                212852,
                                216948,
                                0.0078549999999999991,
                                0.028060000000000002,
                                1750152138.1365509,
                                19098647974593
                            ],
                            "sub": []
                        }
                    ]
                },
                {
                    "stat": [
                        "doGAToPass2",
                        "exit",
                        2.0998270511627197,
                        0.19009599999999999,
                        0.10645300000000001,
                        212852,
                        216948,
                        0.0078549999999999991,
                        0.028060000000000002,
                        1750152138.1462851,
                        19098673380527
                    ],