{
    "cycles_program_begin": 301715056761274,
    "rlimit": {
        "data": -1,
        "stack": -1
    },
    "perf": [
        {
            "sub": [
                {
                    "sub": [],
                    "stat": [
                        "doParsingAndDesignResolution",
                        "entry",
                        4.176699161529541,
                        0.075009999999999993,
                        0.032003999999999998,
                        209844,
                        210644,
                        0.0,
                        0.0,
                        1750252545.3128281,
                        301725002537240
                    ]
                },
                {
                    "sub": [],
                    "stat": [
                        "doParsingAndDesignResolution",
                        "exit",
                        4.8626232147216797,
                        0.73875599999999997,
                        0.053982000000000002,
                        211496,
                        212144,
                        0.0,
                        0.0,
                        1750252545.9987521,
                        301726648625646
                    ]
                },
                {
                    "sub": [
                        {
                            "sub": [],
                            "stat": [
                                "doUptoVir2VcsNoSepCleanup",
                                "entry",
                                4.886660099029541,
                                0.76278100000000004,
                                0.053992999999999999,
                                212768,
                                212768,
                                0.0,
                                0.0,
                                1750252546.022789,
                                301726706285676
                            ]
                        },
                        {
                            "sub": [],
                            "stat": [
                                "doUptoVir2VcsNoSepCleanup",
                                "exit",
                                5.0605950355529785,
                                0.90306299999999995,
                                0.060004000000000002,
                                215000,
                                227336,
                                0.012234,
                                0.015486,
                                1750252546.1967239,
                                301727123754262
                            ]
                        },
                        {
                            "sub": [],
                            "stat": [
                                "doRadify_vir2vcsAll",
                                "entry",
                                5.060664176940918,
                                0.90312800000000004,
                                0.060007999999999999,
                                215000,
                                227336,
                                0.012234,
                                0.015486,
                                1750252546.1967931,
                                301727123857882
                            ]
                        },
                        {
                            "sub": [],
                            "stat": [
                                "doRadify_vir2vcsAll",
                                "exit",
                                5.0709381103515625,
                                0.91138399999999997,
                                0.062025999999999998,
                                216324,
                                227336,
                                0.012234,
                                0.015486,
                                1750252546.207067,
                                301727148554220
                            ]
                        }
                    ],
                    "stat": [
                        "doPostDesignResolutionToVir2Vcs",
                        "entry",
                        4.8626811504364014,
                        0.738811,
                        0.053985999999999999,
                        211496,
                        212144,
                        0.0,
                        0.0,
                        1750252545.9988101,
                        301726648704808
                    ]
                },
                {
                    "sub": [],
                    "stat": [
                        "doPostDesignResolutionToVir2Vcs",
                        "exit",
                        5.070979118347168,
                        0.91142299999999998,
                        0.062028,
                        216324,
                        227336,
                        0.012234,
                        0.015486,
                        1750252546.207108,
                        301727148611820
                    ]
                },
                {
                    "sub": [
                        {
                            "sub": [],
                            "stat": [
                                "DoPass2",
                                "entry",
                                5.1221890449523926,
                                0.91144400000000003,
                                0.063629000000000005,
                                214768,
                                227336,
                                0.037601999999999997,
                                0.040807000000000003,
                                1750252546.2583179,
                                301727271545560
                            ]
                        },
                        {
                            "sub": [],
                            "stat": [
                                "DoPass2",
                                "exit",
                                5.2239871025085449,
                                1.003871,
                                0.069700999999999999,
                                223116,
                                227336,
                                0.039817999999999999,
                                0.041915000000000001,
                                1750252546.360116,
                                301727515848566
                            ]
                        }
                    ],
                    "stat": [
                        "doGAToPass2",
                        "entry",
                        5.0710020065307617,
                        0.91144400000000003,
                        0.062030000000000002,
                        216324,
                        227336,
                        0.012234,
                        0.015486,
                        1750252546.2071309,
                        301727148661066
                    ]
                },
                {
                    "sub": [],
                    "stat": [
                        "doGAToPass2",
                        "exit",
                        5.230010986328125,
                        1.008624,
                        0.070972999999999994,
                        223116,
                        227336,
                        0.039817999999999999,
                        0.041915000000000001,
                        1750252546.3661399,
                        301727530308870
                    ]
                }
            ],
            "stat": [
                "main",
                "entry",
                0.032714128494262695,
                0.059553000000000002,
                0.023820999999999998,
                201120,
                201120,
                0.0,
                0.0,
                1750252541.168843,
                301715057015356
            ]
        },
        {
            "sub": [],