{
    "Modules": {
        "...MASTER...": {
            "start_perf": [
                0.43875813484191895,
                0.058028999999999997,
                0.037462000000000002,
                203652,
                215640,
                1749298856.36028,
                13763862270588
            ],
            "nMops": 0,
            "child_modules": {
                "std": 1,
                "tb_frame_detector": 1
            },
            "end_perf": [
                0.49165916442871094,
                0.058028999999999997,
                0.040393999999999999,
                204948,
                215640,
                13764000446786,
                0,
                0
            ],
            "nQuads": 0,
            "nRouts": 5
        },
        "std": {
            "start_perf": [
                0.49176907539367676,
                0.058028999999999997,
                0.040504999999999999,
                204948,
                215640,
                1749298856.413291,
                13764000700170
            ],
            "Compiled Times": 34,
            "nMops": 462,
            "child_modules": {},
            "nQuads": 213,
            "Compiled": "Yes",
            "end_perf": [
                0.49615812301635742,
                0.060227000000000003,
                0.040504999999999999,
                204948,
                215640,
                13764012178350,
                8589934594,
                0
            ],
            "svclass": [
                "$vcs_nba_dyn_obj",
                0,
                37,
                2,
                2,
                0,
                "sigprop$$",
                0,
                37,
                2,
                2,
                0,
                "process",
                0,
                184,
                8,
                8,
                0,
                "event",
                0,
                36,
                2,
                2,
                0,
                "mailbox",
                0,
                99,
                9,
                9,
                0,
                "semaphore",
                0,
                69,
                5,
                5,
                0
            ],
            "nRouts": 33
        },
        "tb_frame_detector": {
            "start_perf": [
                0.49619507789611816,
                0.060263999999999998,
                0.040504999999999999,
                204948,
                215640,
                1749298856.417717,
                13764012233224
            ],
            "Compiled Times": 34,
            "nMops": 3004,
            "child_modules": {},
            "nQuads": 1323,
            "Compiled": "Yes",
            "significant_routs": [
                [
                    21,
                    "R_VCSgd_ZV3ev_15",
                    5546899,
                    1600,
                    265
                ]
            ],
            "end_perf": [
                0.54622721672058105,
                0.081711000000000006,
                0.050583000000000003,
                210960,
                215640,
                13764142944731,
                17179869185,
                0
            ],
            "nRouts": 119
        }
    },
    "CompUnits": {
        "ZV3ev_d": {
            "mod": "tb_frame_detector",
            "text": 19798,
            "out": "ZV3ev_d.o",
            "bytes": 53626,
            "mode": 4,
            "checksum": 0,
            "archive": "archive.33/_68807_archive_1.a"
        }
    },
    "reusePaths": {
        "amcQw_d": {
            "icPath": "csrc"
        },
        "reYIK_d": {
            "icPath": "csrc"
        }
    },
    "ObjArchives": [
        {
            "archive": "archive.33/_68807_archive_1.a",
            "objects": [
                [
                    "ZV3ev_d.o",
                    53626
                ],
                [
                    "amcQwB.o",
                    72394
                ]
            ],
            "size": 126020
        }
    ],
    "stat": {
        "ru_self_end": {
            "ru_utime_sec": 0.085431000000000007,
            "ru_nivcsw": 1,
            "ru_nvcsw": 1121,
            "ru_stime_sec": 0.05287,
            "ru_majflt": 0,
            "ru_maxrss_kb": 114140,
            "ru_minflt": 10306
        },
        "ru_childs_end": {
            "ru_utime_sec": 0.021441999999999999,
            "ru_nivcsw": 0,
            "ru_nvcsw": 332,
            "ru_stime_sec": 0.0064980000000000003,
            "ru_majflt": 0,
            "ru_maxrss_kb": 104924,
            "ru_minflt": 2606
        },
        "cpu_cycles_end": 13764328191232,
        "peak_mem_kb": 215640
    }
}