{
    "Modules": {
        "std": {
            "nRouts": 36,
            "nQuads": 224,
            "start_perf": [
                2.2623429298400879,
                0.115291,
                0.24863299999999999,
                206352,
                216084,
                1749300136.8083529,
                17107367245217
            ],
            "child_modules": {},
            "nMops": 477,
            "Compiled": "Yes",
            "Compiled Times": 2,
            "end_perf": [
                2.3219590187072754,
                0.122974,
                0.25340099999999999,
                210272,
                216084,
                17107522941504,
                8589934594,
                0
            ],
            "svclass": [
                "$vcs_nba_dyn_obj",
                385,
                37,
                2,
                2,
                0,
                "sigprop$$",
                385,
                37,
                2,
                2,
                0,
                "process",
                1645,
                184,
                8,
                8,
                0,
                "event",
                462,
                36,
                2,
                2,
                0,
                "mailbox",
                912,
                107,
                9,
                9,
                0,
                "semaphore",
                672,
                71,
                5,
                5,
                0
            ]
        },
        "...MASTER...": {
            "nRouts": 5,
            "nQuads": 0,
            "start_perf": [
                2.2086338996887207,
                0.113714,
                0.24210200000000001,
                203952,
                216084,
                1749300136.7546439,
                17107226998987
            ],
            "nMops": 0,
            "child_modules": {
                "std": 1,
                "tb_frame_detector": 1
            },
            "end_perf": [
                2.2620909214019775,
                0.115039,
                0.24863299999999999,
                206352,
                216084,
                17107366713571,
                0,
                0
            ]
        },
        "tb_frame_detector": {
            "nRouts": 130,
            "nQuads": 1949,
            "start_perf": [
                2.3220229148864746,
                0.12299499999999999,
                0.25344499999999998,
                210272,
                216084,
                1749300136.8680329,
                17107523017028
            ],
            "nMops": 5106,
            "child_modules": {},
            "Compiled": "Yes",
            "Compiled Times": 2,
            "end_perf": [
                2.3688540458679199,
                0.14766599999999999,
                0.265042,
                214076,
                216084,
                17107645384083,
                17179869185,
                0
            ]
        }
    },
    "reusePaths": {},
    "CompUnits": {
        "ZV3ev_d": {
            "mod": "tb_frame_detector",
            "out": "ZV3ev_d.o",
            "text": 27842,
            "bytes": 68638,
            "mode": 4,
            "checksum": 0,
            "archive": "archive.1/_85752_archive_1.a"
        },
        "amcQw_d": {
            "mod": "...MASTER...",
            "out": "objs/amcQw_d.o",
            "text": 434,
            "bytes": 7668,
            "mode": 4,
            "checksum": 0
        },
        "reYIK_d": {
            "mod": "std",
            "out": "reYIK_d.o",
            "text": 4799,
            "bytes": 35318,
            "cls": 4461,
            "mode": 4,
            "checksum": 0,
            "archive": "archive.1/_85752_archive_1.a"
        }
    },
    "ObjArchives": [
        {
            "archive": "archive.1/_85752_archive_1.a",
            "size": 183794,
            "objects": [
                [
                    "reYIK_d.o",
                    35318
                ],
                [
                    "ZV3ev_d.o",
                    68638
                ],
                [
                    "amcQwB.o",
                    79838
                ]
            ]
        }
    ],
    "stat": {
        "peak_mem_kb": 216084,
        "ru_self_end": {
            "ru_maxrss_kb": 117308,
            "ru_utime_sec": 0.155029,
            "ru_stime_sec": 0.26550800000000002,
            "ru_minflt": 10073,
            "ru_majflt": 1410,
            "ru_nvcsw": 4179,
            "ru_nivcsw": 0
        },
        "ru_childs_end": {
            "ru_maxrss_kb": 105788,
            "ru_utime_sec": 0.025531999999999999,
            "ru_stime_sec": 0.033767999999999999,
            "ru_minflt": 2730,
            "ru_majflt": 190,
            "ru_nvcsw": 529,
            "ru_nivcsw": 0
        },
        "cpu_cycles_end": 17107840299505
    }
}