{
    "Modules": {
        "std": {
            "start_perf": [
                1.8339920043945312,
                0.116757,
                0.098514000000000004,
                206124,
                216928,
                1750152137.88045,
                19097979148705
            ],
            "child_modules": {},
            "svclass": [
                "$vcs_nba_dyn_obj",
                0,
                37,
                2,
                2,
                0,
                "sigprop$$",
                0,
                37,
                2,
                2,
                0,
                "process",
                0,
                184,
                8,
                8,
                0,
                "event",
                0,
                36,
                2,
                2,
                0,
                "mailbox",
                0,
                107,
                9,
                9,
                0,
                "semaphore",
                0,
                71,
                5,
                5,
                0
            ],
            "nQuads": 224,
            "Compiled": "Yes",
            "Compiled Times": 24,
            "end_perf": [
                1.9207611083984375,
                0.121196,
                0.099159999999999998,
                206124,
                216928,
                19098205766020,
                8589934594,
                0
            ],
            "nMops": 477,
            "nRouts": 36
        },
        "...MASTER...": {
            "start_perf": [
                1.7884628772735596,
                0.115287,
                0.097272999999999998,
                204704,
                216928,
                1750152137.8349209,
                19097860255733
            ],
            "nRouts": 5,
            "nQuads": 0,
            "child_modules": {
                "std": 1,
                "tb_frame_detector": 1
            },
            "end_perf": [
                1.8338770866394043,
                0.11669499999999999,
                0.098461000000000007,
                206124,
                216928,
                19097978891507,
                0,
                0
            ],
            "nMops": 0
        },
        "tb_frame_detector": {
            "start_perf": [
                1.9208080768585205,
                0.121222,
                0.099182000000000006,
                206124,
                216928,
                1750152137.9672661,
                19098205822798
            ],
            "nRouts": 338,
            "nQuads": 4989,
            "child_modules": {},
            "Compiled": "Yes",
            "Compiled Times": 24,
            "end_perf": [
                2.0167438983917236,
                0.18665899999999999,
                0.102853,
                213492,
                216928,
                19098456426646,
                42949672961,
                0
            ],
            "nMops": 13366
        }
    },
    "CompUnits": {
        "ZV3ev_d": {
            "checksum": 0,
            "mod": "tb_frame_detector",
            "mode": 4,
            "out": "ZV3ev_d.o",
            "bytes": 142972,
            "text": 67642,
            "archive": "archive.23/_91715_archive_1.a"
        }
    },
    "ObjArchives": [
        {
            "objects": [
                [
                    "ZV3ev_d.o",
                    142972
                ],
                [
                    "amcQwB.o",
                    80224
                ]
            ],
            "archive": "archive.23/_91715_archive_1.a",
            "size": 223196
        }
    ],
    "reusePaths": {
        "amcQw_d": {
            "icPath": "csrc"
        },
        "reYIK_d": {
            "icPath": "csrc"
        }
    },
    "stat": {
        "ru_self_end": {
            "ru_majflt": 0,
            "ru_utime_sec": 0.19020999999999999,
            "ru_nivcsw": 4,
            "ru_stime_sec": 0.106517,
            "ru_maxrss_kb": 118884,
            "ru_minflt": 11083,
            "ru_nvcsw": 3985
        },
        "ru_childs_end": {
            "ru_majflt": 0,
            "ru_utime_sec": 0.0078549999999999991,
            "ru_nivcsw": 0,
            "ru_stime_sec": 0.028060000000000002,
            "ru_maxrss_kb": 107620,
            "ru_minflt": 2832,
            "ru_nvcsw": 455
        },
        "cpu_cycles_end": 19098676441725,
        "peak_mem_kb": 216948
    }
}