{
    "Modules": {
        "...MASTER...": {
            "end_perf": [
                1.6731758117675781,
                0.141233,
                0.098079,
                206124,
                216928,
                7801437029844,
                0,
                0
            ],
            "start_perf": [
                1.6027958393096924,
                0.13991000000000001,
                0.093272999999999995,
                204692,
                216928,
                1750147811.6222219,
                7801253200060
            ],
            "nQuads": 0,
            "child_modules": {
                "std": 1,
                "tb_frame_detector": 1
            },
            "nMops": 0,
            "nRouts": 5
        },
        "std": {
            "start_perf": [
                1.6733808517456055,
                0.14135500000000001,
                0.098163,
                206124,
                216928,
                1750147811.692807,
                7801437508722
            ],
            "Compiled": "Yes",
            "end_perf": [
                1.7457609176635742,
                0.14754300000000001,
                0.10095,
                206124,
                216928,
                7801626563740,
                8589934594,
                0
            ],
            "child_modules": {},
            "nQuads": 224,
            "Compiled Times": 13,
            "nMops": 477,
            "svclass": [
                "$vcs_nba_dyn_obj",
                0,
                37,
                2,
                2,
                0,
                "sigprop$$",
                0,
                37,
                2,
                2,
                0,
                "process",
                0,
                184,
                8,
                8,
                0,
                "event",
                0,
                36,
                2,
                2,
                0,
                "mailbox",
                0,
                107,
                9,
                9,
                0,
                "semaphore",
                0,
                71,
                5,
                5,
                0
            ],
            "nRouts": 36
        },
        "tb_frame_detector": {
            "end_perf": [
                1.8641510009765625,
                0.22761700000000001,
                0.102427,
                213552,
                216928,
                7801935685081,
                42949672961,
                0
            ],
            "Compiled": "Yes",
            "start_perf": [
                1.7458248138427734,
                0.14758199999999999,
                0.100977,
                206124,
                216928,
                1750147811.7652509,
                7801626646412
            ],
            "nQuads": 9061,
            "child_modules": {},
            "Compiled Times": 13,
            "nMops": 24675,
            "nRouts": 322
        }
    },
    "CompUnits": {
        "ZV3ev_d": {
            "out": "ZV3ev_d.o",
            "mod": "tb_frame_detector",
            "archive": "archive.12/_44310_archive_1.a",
            "mode": 4,
            "bytes": 138092,
            "text": 65114,
            "checksum": 0
        }
    },
    "ObjArchives": [
        {
            "archive": "archive.12/_44310_archive_1.a",
            "objects": [
                [
                    "ZV3ev_d.o",
                    138092
                ],
                [
                    "amcQwB.o",
                    80178
                ]
            ],
            "size": 218270
        }
    ],
    "reusePaths": {
        "amcQw_d": {
            "icPath": "csrc"
        },
        "reYIK_d": {
            "icPath": "csrc"
        }
    },
    "stat": {
        "ru_self_end": {
            "ru_minflt": 10942,
            "ru_maxrss_kb": 118636,
            "ru_utime_sec": 0.231678,
            "ru_stime_sec": 0.105612,
            "ru_majflt": 363,
            "ru_nvcsw": 3985,
            "ru_nivcsw": 3
        },
        "ru_childs_end": {
            "ru_minflt": 2740,
            "ru_maxrss_kb": 107244,
            "ru_utime_sec": 0.01252,
            "ru_stime_sec": 0.035605999999999999,
            "ru_majflt": 192,
            "ru_nvcsw": 588,
            "ru_nivcsw": 0
        },
        "cpu_cycles_end": 7802151797724,
        "peak_mem_kb": 217008
    }
}