{
    "Modules": {
        "...MASTER...": {
            "nMops": 0,
            "nQuads": 0,
            "start_perf": [
                1.6319589614868164,
                0.16020400000000001,
                0.26147999999999999,
                204700,
                216932,
                1750150687.2399819,
                15310066633408
            ],
            "nRouts": 5,
            "child_modules": {
                "std": 1,
                "tb_frame_detector": 1
            },
            "end_perf": [
                1.6777529716491699,
                0.16020400000000001,
                0.26756600000000003,
                206124,
                216932,
                15310186264704,
                0,
                0
            ]
        },
        "std": {
            "nQuads": 224,
            "nMops": 477,
            "start_perf": [
                1.6779561042785645,
                0.16020400000000001,
                0.26777000000000001,
                206124,
                216932,
                1750150687.285979,
                15310186736220
            ],
            "nRouts": 36,
            "child_modules": {},
            "svclass": [
                "$vcs_nba_dyn_obj",
                0,
                37,
                2,
                2,
                0,
                "sigprop$$",
                0,
                37,
                2,
                2,
                0,
                "process",
                0,
                184,
                8,
                8,
                0,
                "event",
                0,
                36,
                2,
                2,
                0,
                "mailbox",
                0,
                107,
                9,
                9,
                0,
                "semaphore",
                0,
                71,
                5,
                5,
                0
            ],
            "Compiled": "Yes",
            "Compiled Times": 17,
            "end_perf": [
                1.71067214012146,
                0.16128600000000001,
                0.27294600000000002,
                206124,
                216932,
                15310272216300,
                8589934594,
                0
            ]
        },
        "tb_frame_detector": {
            "nMops": 12595,
            "nQuads": 4640,
            "start_perf": [
                1.7107410430908203,
                0.16131200000000001,
                0.27299000000000001,
                206124,
                216932,
                1750150687.318764,
                15310272312792
            ],
            "nRouts": 318,
            "child_modules": {},
            "Compiled": "Yes",
            "Compiled Times": 17,
            "end_perf": [
                1.8080410957336426,
                0.22597,
                0.27938099999999999,
                213408,
                216932,
                15310526464234,
                42949672961,
                0
            ]
        }
    },
    "CompUnits": {
        "ZV3ev_d": {
            "mod": "tb_frame_detector",
            "out": "ZV3ev_d.o",
            "mode": 4,
            "bytes": 138120,
            "text": 65458,
            "checksum": 0,
            "archive": "archive.16/_69102_archive_1.a"
        }
    },
    "reusePaths": {
        "amcQw_d": {
            "icPath": "csrc"
        },
        "reYIK_d": {
            "icPath": "csrc"
        }
    },
    "ObjArchives": [
        {
            "size": 218344,
            "archive": "archive.16/_69102_archive_1.a",
            "objects": [
                [
                    "ZV3ev_d.o",
                    138120
                ],
                [
                    "amcQwB.o",
                    80224
                ]
            ]
        }
    ],
    "stat": {
        "cpu_cycles_end": 15310735079140,
        "ru_self_end": {
            "ru_utime_sec": 0.22763800000000001,
            "ru_stime_sec": 0.28454800000000002,
            "ru_majflt": 1429,
            "ru_maxrss_kb": 118232,
            "ru_minflt": 10299,
            "ru_nivcsw": 2,
            "ru_nvcsw": 4791
        },
        "ru_childs_end": {
            "ru_utime_sec": 0.018918000000000001,
            "ru_stime_sec": 0.029745000000000001,
            "ru_majflt": 192,
            "ru_maxrss_kb": 106840,
            "ru_minflt": 2740,
            "ru_nivcsw": 0,
            "ru_nvcsw": 591
        },
        "peak_mem_kb": 216932
    }
}