{
    "stat": {
        "ru_self_end": {
            "ru_nvcsw": 1073,
            "ru_utime_sec": 0.057735000000000002,
            "ru_minflt": 10279,
            "ru_stime_sec": 0.026286,
            "ru_maxrss_kb": 113824,
            "ru_majflt": 0,
            "ru_nivcsw": 3
        },
        "ru_childs_end": {
            "ru_nvcsw": 328,
            "ru_utime_sec": 0.011493,
            "ru_minflt": 2605,
            "ru_stime_sec": 0.0029949999999999998,
            "ru_maxrss_kb": 104796,
            "ru_majflt": 0,
            "ru_nivcsw": 0
        },
        "cpu_cycles_end": 6949526989316,
        "peak_mem_kb": 215588
    },
    "Modules": {
        "tb_frame_detector": {
            "nMops": 4183,
            "start_perf": [
                0.27639889717102051,
                0.037649000000000002,
                0.025270999999999998,
                204852,
                215588,
                1749279799.215889,
                6949332522121
            ],
            "nQuads": 2081,
            "child_modules": {},
            "Compiled": "Yes",
            "Compiled Times": 5,
            "end_perf": [
                0.30144286155700684,
                0.055058000000000003,
                0.025694000000000002,
                210840,
                215588,
                6949397975235,
                12884901889,
                0
            ],
            "nRouts": 116
        },
        "...MASTER...": {
            "nMops": 0,
            "start_perf": [
                0.2563319206237793,
                0.036178000000000002,
                0.023636000000000001,
                203444,
                215588,
                1749279799.195822,
                6949280127279
            ],
            "nQuads": 0,
            "child_modules": {
                "std": 1,
                "tb_frame_detector": 1
            },
            "end_perf": [
                0.27350783348083496,
                0.036178000000000002,
                0.025198000000000002,
                204852,
                215588,
                6949325009497,
                0,
                0
            ],
            "nRouts": 5
        },
        "std": {
            "nMops": 462,
            "start_perf": [
                0.27357983589172363,
                0.036178000000000002,
                0.025270999999999998,
                204852,
                215588,
                1749279799.2130699,
                6949325165941
            ],
            "nQuads": 213,
            "child_modules": {},
            "Compiled": "Yes",
            "svclass": [
                "$vcs_nba_dyn_obj",
                0,
                37,
                2,
                2,
                0,
                "sigprop$$",
                0,
                37,
                2,
                2,
                0,
                "process",
                0,
                184,
                8,
                8,
                0,
                "event",
                0,
                36,
                2,
                2,
                0,
                "mailbox",
                0,
                99,
                9,
                9,
                0,
                "semaphore",
                0,
                69,
                5,
                5,
                0
            ],
            "Compiled Times": 5,
            "end_perf": [
                0.27637290954589844,
                0.037622000000000003,
                0.025270999999999998,
                204852,
                215588,
                6949332483283,
                8589934594,
                0
            ],
            "nRouts": 33
        }
    },
    "CompUnits": {
        "ZV3ev_d": {
            "mod": "tb_frame_detector",
            "archive": "archive.4/_23481_archive_1.a",
            "out": "ZV3ev_d.o",
            "bytes": 45270,
            "mode": 4,
            "text": 15376,
            "checksum": 0
        }
    },
    "reusePaths": {
        "amcQw_d": {
            "icPath": "csrc"
        },
        "reYIK_d": {
            "icPath": "csrc"
        }
    },
    "ObjArchives": [
        {
            "archive": "archive.4/_23481_archive_1.a",
            "objects": [
                [
                    "ZV3ev_d.o",
                    45270
                ],
                [
                    "amcQwB.o",
                    71018
                ]
            ],
            "size": 116288
        }
    ]
}